-- phpMyAdmin SQL Dump
-- version 3.2.0.1
-- http://www.phpmyadmin.net
--
-- Host: localhost
-- Generation Time: Jul 16, 2021 at 04:37 AM
-- Server version: 5.1.36
-- PHP Version: 5.3.0

SET SQL_MODE="NO_AUTO_VALUE_ON_ZERO";


/*!40101 SET @OLD_CHARACTER_SET_CLIENT=@@CHARACTER_SET_CLIENT */;
/*!40101 SET @OLD_CHARACTER_SET_RESULTS=@@CHARACTER_SET_RESULTS */;
/*!40101 SET @OLD_COLLATION_CONNECTION=@@COLLATION_CONNECTION */;
/*!40101 SET NAMES utf8 */;

--
-- Database: `pump`
--

-- --------------------------------------------------------

--
-- Table structure for table `add_pump_db`
--

CREATE TABLE IF NOT EXISTS `add_pump_db` (
  `pump_id` varchar(11) NOT NULL,
  `franchise_name` text NOT NULL,
  `email` text NOT NULL,
  `street` text NOT NULL,
  `district` text NOT NULL,
  `state` text NOT NULL,
  `pincode` int(11) NOT NULL,
  `long` text NOT NULL,
  `lat` text NOT NULL,
  `phno` text NOT NULL,
  `status` int(11) NOT NULL,
  `lic_status` int(11) NOT NULL,
  `acno` text NOT NULL,
  `branch` text NOT NULL,
  `balance` text NOT NULL,
  PRIMARY KEY (`pump_id`)
) ENGINE=MyISAM DEFAULT CHARSET=latin1;

--
-- Dumping data for table `add_pump_db`
--

INSERT INTO `add_pump_db` (`pump_id`, `franchise_name`, `email`, `street`, `district`, `state`, `pincode`, `long`, `lat`, `phno`, `status`, `lic_status`, `acno`, `branch`, `balance`) VALUES
('655', 'sjpump', 'sj@gmail.com', 'Thattamala', 'Kollam', 'Kerala', 691020, '76.643639', '8.868936', '2147483647', 1, 1, '6565677', 'SBI,Kollam', '2000'),
('660', 'abc pump', 'abc@gmail.com', 'ayathil', 'kollam', 'kerala', 691020, '76.614143', ' 8.893212', '9895391005', 1, 1, '65678789', 'SBI kollam', '3000'),
('665', 'xyz pump', 'xyz@gmail.com', 'polayathodu', 'Kollam', 'kerala', 691023, '8.88016', '76.60649', '8547764104', 0, 1, '678898999', 'Canera bank', '6000');

-- --------------------------------------------------------

--
-- Table structure for table `emp_appoint`
--

CREATE TABLE IF NOT EXISTS `emp_appoint` (
  `emp_id` int(11) NOT NULL,
  `pump_id` int(11) NOT NULL,
  `machine_id` text NOT NULL,
  `qual_pic` varchar(50) NOT NULL,
  `req_send` int(11) NOT NULL,
  `approve_status` int(11) NOT NULL,
  `active` int(11) NOT NULL,
  PRIMARY KEY (`emp_id`)
) ENGINE=MyISAM DEFAULT CHARSET=latin1;

--
-- Dumping data for table `emp_appoint`
--

INSERT INTO `emp_appoint` (`emp_id`, `pump_id`, `machine_id`, `qual_pic`, `req_send`, `approve_status`, `active`) VALUES
(200, 100, '001', '5eb9c879308254.89254798.png', 1, 1, 1),
(17, 655, '', '60e9aea34017c8.86312107.png', 1, 1, 1),
(205, 655, '0', '60ea560b4ebdd5.61648237.png', 1, 0, 0);

-- --------------------------------------------------------

--
-- Table structure for table `emp_reg`
--

CREATE TABLE IF NOT EXISTS `emp_reg` (
  `emp_name` text NOT NULL,
  `emp_id` bigint(20) NOT NULL,
  `gender` text NOT NULL,
  `dob` date NOT NULL,
  `qual` text NOT NULL,
  `address` text NOT NULL,
  `email` text NOT NULL,
  `phno` text NOT NULL,
  `qual_status` int(11) NOT NULL,
  PRIMARY KEY (`emp_id`)
) ENGINE=MyISAM DEFAULT CHARSET=latin1;

--
-- Dumping data for table `emp_reg`
--

INSERT INTO `emp_reg` (`emp_name`, `emp_id`, `gender`, `dob`, `qual`, `address`, `email`, `phno`, `qual_status`) VALUES
('arjun', 200, 'male', '2020-03-15', '12', 'sdjbvsbvjwdbjbsdjlbj', 'nddjc@gmail.com', '7478477258', 1),
('anoop sheeja', 17, 'male', '1999-12-15', '12', 'whsoivshoi', 'sjab@gmail.com', '7897889787', 1),
('akshay', 205, 'male', '2000-06-11', '10', 'Mayyanad,Kollam', 'akshay@gmail.com', '9897654312', 1);

-- --------------------------------------------------------

--
-- Table structure for table `feedback_db`
--

CREATE TABLE IF NOT EXISTS `feedback_db` (
  `u_id` int(11) NOT NULL,
  `descrip` text NOT NULL,
  `reply` text NOT NULL,
  `fid` int(11) NOT NULL AUTO_INCREMENT,
  PRIMARY KEY (`fid`)
) ENGINE=MyISAM  DEFAULT CHARSET=latin1 AUTO_INCREMENT=3 ;

--
-- Dumping data for table `feedback_db`
--

INSERT INTO `feedback_db` (`u_id`, `descrip`, `reply`, `fid`) VALUES
(155, 'Nice Site', 'Thank you', 1);

-- --------------------------------------------------------

--
-- Table structure for table `fuel_at_pump`
--

CREATE TABLE IF NOT EXISTS `fuel_at_pump` (
  `pump_id` int(11) NOT NULL,
  `fuel_id` text NOT NULL,
  `ltr` float NOT NULL,
  KEY `pump_id` (`pump_id`)
) ENGINE=MyISAM DEFAULT CHARSET=latin1;

--
-- Dumping data for table `fuel_at_pump`
--

INSERT INTO `fuel_at_pump` (`pump_id`, `fuel_id`, `ltr`) VALUES
(300, 'd1', 1100),
(100, 'p1', 10.9651),
(100, 'd1', 6.52175),
(224, 'p1', 500),
(655, 'p1', 50),
(655, 'p2', 100),
(655, 'd1', 62.8571);

-- --------------------------------------------------------

--
-- Table structure for table `fuel_db`
--

CREATE TABLE IF NOT EXISTS `fuel_db` (
  `fuel_id` text NOT NULL,
  `name` text NOT NULL,
  `rate/ltr` float NOT NULL
) ENGINE=MyISAM DEFAULT CHARSET=latin1;

--
-- Dumping data for table `fuel_db`
--

INSERT INTO `fuel_db` (`fuel_id`, `name`, `rate/ltr`) VALUES
('p1', 'petrol', 80),
('p2', 'premium petrol', 85),
('d1', 'diesel', 70),
('d2', 'premium diesel', 75);

-- --------------------------------------------------------

--
-- Table structure for table `login_pump`
--

CREATE TABLE IF NOT EXISTS `login_pump` (
  `id` text NOT NULL,
  `name` text NOT NULL,
  `pass` text CHARACTER SET latin1 COLLATE latin1_general_cs NOT NULL,
  `status` int(11) NOT NULL,
  `type` text NOT NULL
) ENGINE=MyISAM DEFAULT CHARSET=latin1;

--
-- Dumping data for table `login_pump`
--

INSERT INTO `login_pump` (`id`, `name`, `pass`, `status`, `type`) VALUES
('200', 'arjun', 'arjun', 1, 'employee'),
('1', 'admin1', 'admin', 1, 'admin'),
('160', 'sanish', 'san', 1, 'user'),
('205', 'akshay', 'akku', 1, 'employee'),
('17', 'anoop sheeja', 'anoop17', 1, 'employee'),
('660', 'abc pump', 'abc', 1, 'pump'),
('155', 'JIJO', 'abcd', 1, 'user'),
('655', 'sjpump', 'sj', 1, 'pump'),
('665', 'xyz pump', 'xyz', 1, 'pump'),
('165', 'arun', 'arun', 1, 'user');

-- --------------------------------------------------------

--
-- Table structure for table `markers`
--

CREATE TABLE IF NOT EXISTS `markers` (
  `id` int(11) NOT NULL,
  `name` varchar(60) NOT NULL,
  `address` varchar(80) NOT NULL,
  `lat` float(10,6) NOT NULL,
  `lng` float(10,6) NOT NULL,
  `type` varchar(30) NOT NULL
) ENGINE=MyISAM DEFAULT CHARSET=latin1;

--
-- Dumping data for table `markers`
--

INSERT INTO `markers` (`id`, `name`, `address`, `lat`, `lng`, `type`) VALUES
(655, 'sjpump', 'Thattamala', 8.868936, 76.643639, ''),
(660, 'abc pump', 'ayathil', 8.893212, 76.614143, ''),
(665, 'xyz pump', 'polayathodu', 76.606491, 8.880160, '');

-- --------------------------------------------------------

--
-- Table structure for table `maxtemp`
--

CREATE TABLE IF NOT EXISTS `maxtemp` (
  `maxtemperature` int(11) NOT NULL
) ENGINE=MyISAM DEFAULT CHARSET=latin1;

--
-- Dumping data for table `maxtemp`
--

INSERT INTO `maxtemp` (`maxtemperature`) VALUES
(35);

-- --------------------------------------------------------

--
-- Table structure for table `ordered_fuel`
--

CREATE TABLE IF NOT EXISTS `ordered_fuel` (
  `order_id` int(11) NOT NULL,
  `us_id` text NOT NULL,
  `pump_id` text NOT NULL,
  `emp_id` text NOT NULL,
  `fuel_id` text NOT NULL,
  `date` date NOT NULL,
  `adv_amt` float NOT NULL,
  `total` float NOT NULL,
  `qty` float NOT NULL,
  `long1` varchar(150) NOT NULL,
  `lat` varchar(150) NOT NULL,
  `status_d` int(11) NOT NULL,
  `status_p` int(11) NOT NULL,
  PRIMARY KEY (`order_id`)
) ENGINE=MyISAM DEFAULT CHARSET=latin1;

--
-- Dumping data for table `ordered_fuel`
--

INSERT INTO `ordered_fuel` (`order_id`, `us_id`, `pump_id`, `emp_id`, `fuel_id`, `date`, `adv_amt`, `total`, `qty`, `long1`, `lat`, `status_d`, `status_p`) VALUES
(502, '160', '655', '17', 'p1', '2021-07-14', 250, 500, 6.25, '76.644971', '8.86816', 1, 2),
(503, '160', '655', '17', 'p1', '2021-07-14', 250, 500, 6.25, '76.65386', '8.87041', 0, 1);

-- --------------------------------------------------------

--
-- Table structure for table `profile_pic`
--

CREATE TABLE IF NOT EXISTS `profile_pic` (
  `id` int(11) NOT NULL,
  `type` text NOT NULL,
  `picture` varchar(50) NOT NULL,
  PRIMARY KEY (`id`)
) ENGINE=MyISAM DEFAULT CHARSET=latin1;

--
-- Dumping data for table `profile_pic`
--

INSERT INTO `profile_pic` (`id`, `type`, `picture`) VALUES
(800, 'pump', 'P00800.jpg'),
(200, 'employee', '5eb5842bbe6061.37929121.jpg'),
(43, 'user', 'U0043.jpg'),
(24, 'pump', 'mini_logo.png'),
(17, 'employee', 'mini_logo.png'),
(205, 'employee', 'mini_logo.png'),
(210, 'employee', 'mini_logo.png'),
(215, 'employee', 'mini_logo.png'),
(155, 'user', 'U00155.jpg'),
(220, 'employee', 'mini_logo.png'),
(655, 'pump', 'mini_logo.png'),
(160, 'user', 'mini_logo.png'),
(660, 'pump', 'mini_logo.png'),
(665, 'pump', 'mini_logo.png'),
(165, 'user', 'mini_logo.png');

-- --------------------------------------------------------

--
-- Table structure for table `pump_license`
--

CREATE TABLE IF NOT EXISTS `pump_license` (
  `lic_no` text NOT NULL,
  `pump_id` text NOT NULL,
  `franchise` text NOT NULL,
  `lic_image` varchar(50) NOT NULL
) ENGINE=MyISAM DEFAULT CHARSET=latin1;

--
-- Dumping data for table `pump_license`
--

INSERT INTO `pump_license` (`lic_no`, `pump_id`, `franchise`, `lic_image`) VALUES
('65768', '665', 'xyz pump', '60ef1b3f0cbd00.89535632.png'),
('656787899', '655', 'sjpump', '60e8f08f312e15.49839158.png'),
('65767', '660', 'abc pump', '60ea5d8a522227.16723562.png');

-- --------------------------------------------------------

--
-- Table structure for table `pump_machine`
--

CREATE TABLE IF NOT EXISTS `pump_machine` (
  `machine_id` text NOT NULL,
  `pump_id` text NOT NULL,
  `emp_id` text NOT NULL
) ENGINE=MyISAM DEFAULT CHARSET=latin1;

--
-- Dumping data for table `pump_machine`
--

INSERT INTO `pump_machine` (`machine_id`, `pump_id`, `emp_id`) VALUES
('001', '224', '0'),
('65', '650', '200'),
('56', '655', '0');

-- --------------------------------------------------------

--
-- Table structure for table `temp`
--

CREATE TABLE IF NOT EXISTS `temp` (
  `temperature` text NOT NULL,
  `time` timestamp NOT NULL DEFAULT CURRENT_TIMESTAMP ON UPDATE CURRENT_TIMESTAMP
) ENGINE=MyISAM DEFAULT CHARSET=latin1;

--
-- Dumping data for table `temp`
--

INSERT INTO `temp` (`temperature`, `time`) VALUES
('27.00', '2021-07-15 10:48:36'),
('27.00', '2021-07-15 10:48:38'),
('27.00', '2021-07-15 10:48:40'),
('27.00', '2021-07-15 10:48:42'),
('27.00', '2021-07-15 10:48:44'),
('27.00', '2021-07-15 10:48:46'),
('27.00', '2021-07-15 10:48:48'),
('27.00', '2021-07-15 10:48:50'),
('27.00', '2021-07-15 10:48:53'),
('27.00', '2021-07-15 10:48:55'),
('27.00', '2021-07-15 10:48:57'),
('27.00', '2021-07-15 10:48:59'),
('27.00', '2021-07-15 10:49:01'),
('27.00', '2021-07-15 10:49:03'),
('28.00', '2021-07-15 10:49:05'),
('28.00', '2021-07-15 10:49:07'),
('27.00', '2021-07-15 10:49:09'),
('27.00', '2021-07-15 10:49:11'),
('27.00', '2021-07-15 10:49:13'),
('27.00', '2021-07-15 10:49:15'),
('27.00', '2021-07-15 10:49:17'),
('27.00', '2021-07-15 10:49:19'),
('27.00', '2021-07-15 10:49:21'),
('28.00', '2021-07-15 10:49:23'),
('27.00', '2021-07-15 10:49:25'),
('27.00', '2021-07-15 10:49:27'),
('28.00', '2021-07-15 10:49:30'),
('28.00', '2021-07-15 10:49:32'),
('27.00', '2021-07-15 10:49:34'),
('27.00', '2021-07-15 10:49:36'),
('27.00', '2021-07-15 10:49:38'),
('28.00', '2021-07-15 10:49:40'),
('27.00', '2021-07-15 10:49:42'),
('27.00', '2021-07-15 10:49:44'),
('28.00', '2021-07-15 10:49:46'),
('28.00', '2021-07-15 10:49:48'),
('27.00', '2021-07-15 10:49:50'),
('28.00', '2021-07-15 10:49:52'),
('28.00', '2021-07-15 10:49:54'),
('28.00', '2021-07-15 10:49:56'),
('28.00', '2021-07-15 10:49:58'),
('28.00', '2021-07-15 10:50:00'),
('28.00', '2021-07-15 10:50:02'),
('28.00', '2021-07-15 10:50:04'),
('28.00', '2021-07-15 10:50:06'),
('28.00', '2021-07-15 10:50:08'),
('28.00', '2021-07-15 10:50:11'),
('28.00', '2021-07-15 10:50:13'),
('28.00', '2021-07-15 10:50:15'),
('28.00', '2021-07-15 10:50:17'),
('28.00', '2021-07-15 10:50:19'),
('28.00', '2021-07-15 10:50:21'),
('28.00', '2021-07-15 10:50:23'),
('28.00', '2021-07-15 10:50:25'),
('28.00', '2021-07-15 10:50:27'),
('28.00', '2021-07-15 10:50:29'),
('28.00', '2021-07-15 10:50:31'),
('28.00', '2021-07-15 10:50:33'),
('28.00', '2021-07-15 10:50:35'),
('28.00', '2021-07-15 10:50:37'),
('28.00', '2021-07-15 10:50:39'),
('28.00', '2021-07-15 10:50:41'),
('28.00', '2021-07-15 10:50:43'),
('28.00', '2021-07-15 10:50:45'),
('28.00', '2021-07-15 10:50:47'),
('28.00', '2021-07-15 10:50:49'),
('28.00', '2021-07-15 10:50:52'),
('28.00', '2021-07-15 10:50:54'),
('28.00', '2021-07-15 10:50:56'),
('28.00', '2021-07-15 10:50:58'),
('28.00', '2021-07-15 10:51:00'),
('28.00', '2021-07-15 10:51:02'),
('28.00', '2021-07-15 10:51:04'),
('28.00', '2021-07-15 10:51:06'),
('28.00', '2021-07-15 10:51:08'),
('28.00', '2021-07-15 10:51:10'),
('28.00', '2021-07-15 10:51:12'),
('28.00', '2021-07-15 10:51:14'),
('28.00', '2021-07-15 10:51:16'),
('28.00', '2021-07-15 10:51:18'),
('28.00', '2021-07-15 10:51:20'),
('28.00', '2021-07-15 10:51:22'),
('28.00', '2021-07-15 10:51:24'),
('28.00', '2021-07-15 10:51:26'),
('28.00', '2021-07-15 10:51:28'),
('28.00', '2021-07-15 10:51:30'),
('28.00', '2021-07-15 10:51:32'),
('28.00', '2021-07-15 10:51:35'),
('28.00', '2021-07-15 10:51:37'),
('28.00', '2021-07-15 10:51:39'),
('28.00', '2021-07-15 10:51:41'),
('28.00', '2021-07-15 10:51:43'),
('28.00', '2021-07-15 10:51:45'),
('28.00', '2021-07-15 10:51:47'),
('28.00', '2021-07-15 10:51:49'),
('28.00', '2021-07-15 10:51:51'),
('28.00', '2021-07-15 10:51:53'),
('28.00', '2021-07-15 10:51:55'),
('27.00', '2021-07-15 10:51:57'),
('28.00', '2021-07-15 10:51:59'),
('28.00', '2021-07-15 10:52:01'),
('28.00', '2021-07-15 10:52:03'),
('28.00', '2021-07-15 10:52:05'),
('28.00', '2021-07-15 10:52:07'),
('28.00', '2021-07-15 10:52:09'),
('28.00', '2021-07-15 10:52:12'),
('28.00', '2021-07-15 10:52:14'),
('28.00', '2021-07-15 10:52:16'),
('28.00', '2021-07-15 10:52:18'),
('28.00', '2021-07-15 10:52:20'),
('28.00', '2021-07-15 10:52:22'),
('28.00', '2021-07-15 10:52:24'),
('28.00', '2021-07-15 10:52:26'),
('28.00', '2021-07-15 10:52:28'),
('28.00', '2021-07-15 10:52:30'),
('28.00', '2021-07-15 10:52:32'),
('28.00', '2021-07-15 10:52:34'),
('28.00', '2021-07-15 10:52:36'),
('28.00', '2021-07-15 10:52:38'),
('28.00', '2021-07-15 10:52:40'),
('28.00', '2021-07-15 10:52:42'),
('28.00', '2021-07-15 10:52:44'),
('28.00', '2021-07-15 10:52:46'),
('28.00', '2021-07-15 10:52:48'),
('28.00', '2021-07-15 10:52:50'),
('28.00', '2021-07-15 10:52:52'),
('28.00', '2021-07-15 10:52:54'),
('28.00', '2021-07-15 10:52:56'),
('28.00', '2021-07-15 10:52:59'),
('28.00', '2021-07-15 10:53:01'),
('28.00', '2021-07-15 10:53:03'),
('28.00', '2021-07-15 10:53:05'),
('28.00', '2021-07-15 10:53:07'),
('28.00', '2021-07-15 10:53:09'),
('28.00', '2021-07-15 10:53:11'),
('28.00', '2021-07-15 10:53:13'),
('28.00', '2021-07-15 10:53:15'),
('28.00', '2021-07-15 10:53:17'),
('28.00', '2021-07-15 10:53:19'),
('28.00', '2021-07-15 10:53:21'),
('28.00', '2021-07-15 10:53:23'),
('27.00', '2021-07-15 10:53:25'),
('28.00', '2021-07-15 10:53:27'),
('28.00', '2021-07-15 10:53:29'),
('28.00', '2021-07-15 10:53:31'),
('28.00', '2021-07-15 10:53:33'),
('28.00', '2021-07-15 10:53:35'),
('28.00', '2021-07-15 10:53:37'),
('27.00', '2021-07-15 10:53:40'),
('28.00', '2021-07-15 10:53:42'),
('28.00', '2021-07-15 10:53:44'),
('28.00', '2021-07-15 10:53:46'),
('28.00', '2021-07-15 10:53:48'),
('28.00', '2021-07-15 10:53:50'),
('28.00', '2021-07-15 10:53:52'),
('28.00', '2021-07-15 10:53:54'),
('28.00', '2021-07-15 10:53:56'),
('28.00', '2021-07-15 10:53:58'),
('27.00', '2021-07-15 10:54:00'),
('28.00', '2021-07-15 10:54:02'),
('28.00', '2021-07-15 10:54:04'),
('28.00', '2021-07-15 10:54:06'),
('27.00', '2021-07-15 10:54:08'),
('27.00', '2021-07-15 10:54:10'),
('28.00', '2021-07-15 10:54:12'),
('27.00', '2021-07-15 10:54:14'),
('28.00', '2021-07-15 10:54:16'),
('27.00', '2021-07-15 10:54:18'),
('27.00', '2021-07-15 10:54:21'),
('27.00', '2021-07-15 10:54:23'),
('27.00', '2021-07-15 10:54:25'),
('28.00', '2021-07-15 10:54:27'),
('27.00', '2021-07-15 10:54:29'),
('27.00', '2021-07-15 10:54:31'),
('27.00', '2021-07-15 10:54:33'),
('28.00', '2021-07-15 10:54:35'),
('27.00', '2021-07-15 10:54:37'),
('27.00', '2021-07-15 10:54:39'),
('28.00', '2021-07-15 10:54:41'),
('27.00', '2021-07-15 10:54:43'),
('28.00', '2021-07-15 10:54:45'),
('27.00', '2021-07-15 10:54:47'),
('27.00', '2021-07-15 10:54:49'),
('27.00', '2021-07-15 10:54:51'),
('28.00', '2021-07-15 10:54:53'),
('27.00', '2021-07-15 10:54:55'),
('27.00', '2021-07-15 10:54:57'),
('27.00', '2021-07-15 10:54:59'),
('27.00', '2021-07-15 10:55:01'),
('27.00', '2021-07-15 10:55:04'),
('27.00', '2021-07-15 10:55:06'),
('28.00', '2021-07-15 10:55:08'),
('27.00', '2021-07-15 10:55:10'),
('28.00', '2021-07-15 10:55:12'),
('27.00', '2021-07-15 10:55:14'),
('27.00', '2021-07-15 10:55:16'),
('27.00', '2021-07-15 10:55:18'),
('27.00', '2021-07-15 10:55:20'),
('27.00', '2021-07-15 10:55:22'),
('28.00', '2021-07-15 10:55:24'),
('27.00', '2021-07-15 10:55:26'),
('27.00', '2021-07-15 10:55:28'),
('27.00', '2021-07-15 10:55:30'),
('27.00', '2021-07-15 10:55:32'),
('27.00', '2021-07-15 10:55:34'),
('27.00', '2021-07-15 10:55:36'),
('28.00', '2021-07-15 10:55:38'),
('27.00', '2021-07-15 10:55:40'),
('27.00', '2021-07-15 10:55:42'),
('27.00', '2021-07-15 10:55:44'),
('28.00', '2021-07-15 10:55:46'),
('27.00', '2021-07-15 10:55:49'),
('27.00', '2021-07-15 10:55:51'),
('28.00', '2021-07-15 10:55:53'),
('27.00', '2021-07-15 10:55:55'),
('27.00', '2021-07-15 10:55:57'),
('27.00', '2021-07-15 10:55:59'),
('27.00', '2021-07-15 10:56:01'),
('27.00', '2021-07-15 10:56:03'),
('27.00', '2021-07-15 10:56:05'),
('27.00', '2021-07-15 10:56:07'),
('27.00', '2021-07-15 10:56:09'),
('27.00', '2021-07-15 10:56:11'),
('28.00', '2021-07-15 10:56:13'),
('27.00', '2021-07-15 10:56:15'),
('27.00', '2021-07-15 10:56:17'),
('27.00', '2021-07-15 10:56:19'),
('27.00', '2021-07-15 10:56:21'),
('27.00', '2021-07-15 10:56:23'),
('27.00', '2021-07-15 10:56:25'),
('27.00', '2021-07-15 10:56:27'),
('28.00', '2021-07-15 10:56:29'),
('27.00', '2021-07-15 10:56:32'),
('27.00', '2021-07-15 10:56:34'),
('27.00', '2021-07-15 10:56:36'),
('27.00', '2021-07-15 10:56:38'),
('27.00', '2021-07-15 10:56:40'),
('27.00', '2021-07-15 10:56:42'),
('27.00', '2021-07-15 10:56:44'),
('28.00', '2021-07-15 10:56:46'),
('27.00', '2021-07-15 10:56:48'),
('27.00', '2021-07-15 10:56:50'),
('27.00', '2021-07-15 10:56:52'),
('27.00', '2021-07-15 10:56:54'),
('27.00', '2021-07-15 10:56:56'),
('27.00', '2021-07-15 10:56:58'),
('27.00', '2021-07-15 10:57:00'),
('27.00', '2021-07-15 10:57:02'),
('27.00', '2021-07-15 10:57:04'),
('28.00', '2021-07-15 10:57:06'),
('28.00', '2021-07-15 10:57:08'),
('27.00', '2021-07-15 10:57:10'),
('27.00', '2021-07-15 10:57:13'),
('27.00', '2021-07-15 10:57:15'),
('28.00', '2021-07-15 10:57:17'),
('27.00', '2021-07-15 10:57:19'),
('28.00', '2021-07-15 10:57:21'),
('27.00', '2021-07-15 10:57:23'),
('27.00', '2021-07-15 10:57:25'),
('27.00', '2021-07-15 10:57:27'),
('27.00', '2021-07-15 10:57:29'),
('27.00', '2021-07-15 10:57:31'),
('27.00', '2021-07-15 10:57:33'),
('27.00', '2021-07-15 10:57:35'),
('27.00', '2021-07-15 10:57:37'),
('27.00', '2021-07-15 10:57:39'),
('27.00', '2021-07-15 10:57:41'),
('27.00', '2021-07-15 10:57:43'),
('27.00', '2021-07-15 10:57:45'),
('27.00', '2021-07-15 10:57:47'),
('27.00', '2021-07-15 10:57:49'),
('27.00', '2021-07-15 10:57:51'),
('27.00', '2021-07-15 10:57:54'),
('27.00', '2021-07-15 10:57:56'),
('27.00', '2021-07-15 10:57:58'),
('27.00', '2021-07-15 10:58:00'),
('27.00', '2021-07-15 10:58:02'),
('27.00', '2021-07-15 10:58:04'),
('27.00', '2021-07-15 10:58:06'),
('27.00', '2021-07-15 10:58:08'),
('27.00', '2021-07-15 10:58:10'),
('27.00', '2021-07-15 10:58:12'),
('27.00', '2021-07-15 10:58:14'),
('27.00', '2021-07-15 10:58:16'),
('27.00', '2021-07-15 10:58:18'),
('27.00', '2021-07-15 10:58:20'),
('27.00', '2021-07-15 10:58:22'),
('27.00', '2021-07-15 10:58:24'),
('27.00', '2021-07-15 10:58:26'),
('27.00', '2021-07-15 10:58:28'),
('27.00', '2021-07-15 10:58:30'),
('27.00', '2021-07-15 10:58:32'),
('27.00', '2021-07-15 10:58:34'),
('27.00', '2021-07-15 10:58:37'),
('27.00', '2021-07-15 10:58:39'),
('27.00', '2021-07-15 10:58:41'),
('27.00', '2021-07-15 10:58:43'),
('27.00', '2021-07-15 10:58:45'),
('27.00', '2021-07-15 10:58:47'),
('27.00', '2021-07-15 10:58:49'),
('27.00', '2021-07-15 10:58:51'),
('27.00', '2021-07-15 10:58:53'),
('27.00', '2021-07-15 10:58:55'),
('27.00', '2021-07-15 10:58:57'),
('27.00', '2021-07-15 10:58:59'),
('27.00', '2021-07-15 10:59:01'),
('28.00', '2021-07-15 10:59:03'),
('27.00', '2021-07-15 10:59:05'),
('27.00', '2021-07-15 10:59:07'),
('27.00', '2021-07-15 10:59:09'),
('27.00', '2021-07-15 10:59:11'),
('27.00', '2021-07-15 10:59:13'),
('27.00', '2021-07-15 10:59:15'),
('27.00', '2021-07-15 10:59:17'),
('27.00', '2021-07-15 10:59:20'),
('28.00', '2021-07-15 10:59:22'),
('28.00', '2021-07-15 10:59:24'),
('27.00', '2021-07-15 10:59:26'),
('27.00', '2021-07-15 10:59:28'),
('27.00', '2021-07-15 10:59:30'),
('27.00', '2021-07-15 10:59:32'),
('27.00', '2021-07-15 10:59:34'),
('27.00', '2021-07-15 10:59:36'),
('27.00', '2021-07-15 10:59:38'),
('27.00', '2021-07-15 10:59:40'),
('28.00', '2021-07-15 10:59:42'),
('27.00', '2021-07-15 10:59:44'),
('27.00', '2021-07-15 10:59:46'),
('28.00', '2021-07-15 10:59:48'),
('28.00', '2021-07-15 10:59:50'),
('28.00', '2021-07-15 10:59:52'),
('27.00', '2021-07-15 10:59:54'),
('27.00', '2021-07-15 10:59:57'),
('27.00', '2021-07-15 10:59:59'),
('28.00', '2021-07-15 11:00:01'),
('28.00', '2021-07-15 11:00:03'),
('27.00', '2021-07-15 11:00:05'),
('27.00', '2021-07-15 11:00:07'),
('27.00', '2021-07-15 11:00:09'),
('28.00', '2021-07-15 11:00:11'),
('27.00', '2021-07-15 11:00:13'),
('27.00', '2021-07-15 11:00:15'),
('27.00', '2021-07-15 11:00:17'),
('28.00', '2021-07-15 11:00:19'),
('28.00', '2021-07-15 11:00:21'),
('28.00', '2021-07-15 11:00:23'),
('28.00', '2021-07-15 11:00:25'),
('27.00', '2021-07-15 11:00:27'),
('27.00', '2021-07-15 11:00:29'),
('28.00', '2021-07-15 11:00:31'),
('27.00', '2021-07-15 11:00:33'),
('28.00', '2021-07-15 11:00:35'),
('28.00', '2021-07-15 11:00:37'),
('28.00', '2021-07-15 11:00:40'),
('28.00', '2021-07-15 11:00:42'),
('28.00', '2021-07-15 11:00:44'),
('28.00', '2021-07-15 11:00:46'),
('27.00', '2021-07-15 11:00:48'),
('28.00', '2021-07-15 11:00:50'),
('27.00', '2021-07-15 11:00:52'),
('27.00', '2021-07-15 11:00:54'),
('27.00', '2021-07-15 11:00:56'),
('27.00', '2021-07-15 11:00:58'),
('27.00', '2021-07-15 11:01:00'),
('28.00', '2021-07-15 11:01:02'),
('27.00', '2021-07-15 11:01:04'),
('28.00', '2021-07-15 11:01:06'),
('27.00', '2021-07-15 11:01:08'),
('28.00', '2021-07-15 11:01:10'),
('28.00', '2021-07-15 11:01:12'),
('28.00', '2021-07-15 11:01:14'),
('28.00', '2021-07-15 11:01:16'),
('27.00', '2021-07-15 11:01:19'),
('28.00', '2021-07-15 11:01:21'),
('28.00', '2021-07-15 11:01:23'),
('28.00', '2021-07-15 11:01:25'),
('28.00', '2021-07-15 11:01:27'),
('28.00', '2021-07-15 11:01:29'),
('27.00', '2021-07-15 11:01:31'),
('28.00', '2021-07-15 11:01:33'),
('28.00', '2021-07-15 11:01:35'),
('27.00', '2021-07-15 11:01:37'),
('28.00', '2021-07-15 11:01:39'),
('27.00', '2021-07-15 11:01:41'),
('28.00', '2021-07-15 11:01:43'),
('27.00', '2021-07-15 11:01:45'),
('28.00', '2021-07-15 11:01:47'),
('27.00', '2021-07-15 11:01:49'),
('28.00', '2021-07-15 11:01:51'),
('28.00', '2021-07-15 11:01:53'),
('27.00', '2021-07-15 11:01:55'),
('28.00', '2021-07-15 11:01:57'),
('27.00', '2021-07-15 11:01:59'),
('28.00', '2021-07-15 11:02:02'),
('28.00', '2021-07-15 11:02:04'),
('28.00', '2021-07-15 11:02:06'),
('28.00', '2021-07-15 11:02:08'),
('28.00', '2021-07-15 11:02:10'),
('28.00', '2021-07-15 11:02:12'),
('27.00', '2021-07-15 11:02:14'),
('27.00', '2021-07-15 11:02:16'),
('28.00', '2021-07-15 11:02:18'),
('27.00', '2021-07-15 11:02:20'),
('27.00', '2021-07-15 11:02:22'),
('28.00', '2021-07-15 11:02:24'),
('28.00', '2021-07-15 11:02:26'),
('28.00', '2021-07-15 11:02:28'),
('28.00', '2021-07-15 11:02:30'),
('28.00', '2021-07-15 11:02:32'),
('28.00', '2021-07-15 11:02:34'),
('28.00', '2021-07-15 11:02:36'),
('28.00', '2021-07-15 11:02:38'),
('27.00', '2021-07-15 11:02:40'),
('28.00', '2021-07-15 11:02:43'),
('27.00', '2021-07-15 11:02:45'),
('28.00', '2021-07-15 11:02:47'),
('28.00', '2021-07-15 11:02:49'),
('28.00', '2021-07-15 11:02:51'),
('28.00', '2021-07-15 11:02:53'),
('28.00', '2021-07-15 11:02:55'),
('28.00', '2021-07-15 11:02:57'),
('28.00', '2021-07-15 11:02:59'),
('28.00', '2021-07-15 11:03:01'),
('28.00', '2021-07-15 11:03:03'),
('28.00', '2021-07-15 11:03:05'),
('28.00', '2021-07-15 11:03:07'),
('27.00', '2021-07-15 11:03:09'),
('28.00', '2021-07-15 11:03:11'),
('28.00', '2021-07-15 11:03:13'),
('28.00', '2021-07-15 11:03:15'),
('28.00', '2021-07-15 11:03:17'),
('28.00', '2021-07-15 11:03:19'),
('28.00', '2021-07-15 11:03:21'),
('27.00', '2021-07-15 11:03:23'),
('27.00', '2021-07-15 11:03:26'),
('28.00', '2021-07-15 11:03:28'),
('28.00', '2021-07-15 11:03:30'),
('28.00', '2021-07-15 11:03:32'),
('27.00', '2021-07-15 11:03:34'),
('27.00', '2021-07-15 11:03:36'),
('27.00', '2021-07-15 11:03:38'),
('28.00', '2021-07-15 11:03:40'),
('28.00', '2021-07-15 11:03:42'),
('28.00', '2021-07-15 11:03:44'),
('27.00', '2021-07-15 11:03:46'),
('28.00', '2021-07-15 11:03:48'),
('27.00', '2021-07-15 11:03:50'),
('27.00', '2021-07-15 11:03:52'),
('27.00', '2021-07-15 11:03:54'),
('28.00', '2021-07-15 11:03:56'),
('27.00', '2021-07-15 11:03:58'),
('28.00', '2021-07-15 11:04:00'),
('28.00', '2021-07-15 11:04:02'),
('28.00', '2021-07-15 11:04:04'),
('28.00', '2021-07-15 11:04:06'),
('28.00', '2021-07-15 11:04:09'),
('27.00', '2021-07-15 11:04:11'),
('27.00', '2021-07-15 11:04:13'),
('27.00', '2021-07-15 11:04:15'),
('28.00', '2021-07-15 11:04:17'),
('28.00', '2021-07-15 11:04:19'),
('28.00', '2021-07-15 11:04:21'),
('27.00', '2021-07-15 11:04:23'),
('27.00', '2021-07-15 11:04:25'),
('27.00', '2021-07-15 11:04:27'),
('27.00', '2021-07-15 11:04:29'),
('27.00', '2021-07-15 11:04:31'),
('28.00', '2021-07-15 11:04:33'),
('28.00', '2021-07-15 11:04:35'),
('27.00', '2021-07-15 11:04:37'),
('27.00', '2021-07-15 11:04:39'),
('28.00', '2021-07-15 11:04:41'),
('27.00', '2021-07-15 11:04:43'),
('27.00', '2021-07-15 11:04:45'),
('28.00', '2021-07-15 11:04:47'),
('28.00', '2021-07-15 11:04:50'),
('27.00', '2021-07-15 11:04:52'),
('28.00', '2021-07-15 11:04:54'),
('27.00', '2021-07-15 11:04:56'),
('28.00', '2021-07-15 11:04:58'),
('27.00', '2021-07-15 11:05:00'),
('27.00', '2021-07-15 11:05:02'),
('28.00', '2021-07-15 11:05:04'),
('27.00', '2021-07-15 11:05:06'),
('27.00', '2021-07-15 11:05:08'),
('27.00', '2021-07-15 11:05:10'),
('28.00', '2021-07-15 11:05:12'),
('28.00', '2021-07-15 11:05:14'),
('27.00', '2021-07-15 11:05:16'),
('27.00', '2021-07-15 11:05:18'),
('27.00', '2021-07-15 11:05:20'),
('28.00', '2021-07-15 11:05:22'),
('28.00', '2021-07-15 11:05:24'),
('27.00', '2021-07-15 11:05:26'),
('27.00', '2021-07-15 11:05:28'),
('27.00', '2021-07-15 11:05:31'),
('27.00', '2021-07-15 11:05:33'),
('28.00', '2021-07-15 11:05:35'),
('28.00', '2021-07-15 11:05:37'),
('27.00', '2021-07-15 11:05:39'),
('28.00', '2021-07-15 11:05:41'),
('27.00', '2021-07-15 11:05:43'),
('28.00', '2021-07-15 11:05:45'),
('28.00', '2021-07-15 11:05:47'),
('28.00', '2021-07-15 11:05:49'),
('28.00', '2021-07-15 11:05:51'),
('27.00', '2021-07-15 11:05:53'),
('28.00', '2021-07-15 11:05:55'),
('28.00', '2021-07-15 11:05:57'),
('28.00', '2021-07-15 11:05:59'),
('28.00', '2021-07-15 11:06:01'),
('27.00', '2021-07-15 11:06:03'),
('28.00', '2021-07-15 11:06:05'),
('28.00', '2021-07-15 11:06:07'),
('28.00', '2021-07-15 11:06:09'),
('27.00', '2021-07-15 11:06:12'),
('27.00', '2021-07-15 11:06:14'),
('27.00', '2021-07-15 11:06:16'),
('27.00', '2021-07-15 11:06:18'),
('27.00', '2021-07-15 11:06:20'),
('27.00', '2021-07-15 11:06:22'),
('27.00', '2021-07-15 11:06:24'),
('27.00', '2021-07-15 11:06:26'),
('27.00', '2021-07-15 11:06:28'),
('27.00', '2021-07-15 11:06:30'),
('28.00', '2021-07-15 11:06:32');

-- --------------------------------------------------------

--
-- Table structure for table `user_reg`
--

CREATE TABLE IF NOT EXISTS `user_reg` (
  `usname` text NOT NULL,
  `us_id` int(11) NOT NULL,
  `phno` text NOT NULL,
  `balance` text NOT NULL,
  `acno` text NOT NULL,
  `branchname` text NOT NULL,
  PRIMARY KEY (`us_id`)
) ENGINE=MyISAM DEFAULT CHARSET=latin1;

--
-- Dumping data for table `user_reg`
--

INSERT INTO `user_reg` (`usname`, `us_id`, `phno`, `balance`, `acno`, `branchname`) VALUES
('JIJO', 155, '8547764104', '3750', '4345656', 'Canera bank,Thattamala'),
('sanish', 160, '8547764104', '4250', '6878', 'SBI,ANCHAL'),
('arun', 165, '9495597503', '2000', '456787898999', 'SBI kollam');
